Question ID;Source Ticket;Topic;Difficulty;Question Type;Question;Choice A;Choice B;Choice C;Choice D;Correct Answer;Technical Reality;Physical Principle;Real-World Example / Analogy;Suggested Customer Response;Key Takeaway;Status;Reviewer Comments
Q001;TCK80900;Metrology and scale readability;Intermediate;MCQ;A customer requests more graduations on a pressure gauge because they want a more accurate measurement. Which statement is the most technically correct?;More graduations always improve system accuracy;More graduations improve the mechanical accuracy of the gauge;Graduation design contributes to readability, but the performance of the complete measurement system must be considered;The number of graduations has no influence at all on measurement quality;C;Graduations influence readable resolution, but they do not change the intrinsic performance of the sensing mechanism. Too few divisions can limit useful reading, while too many can make the dial crowded, slow to interpret, and difficult to read consistently. The final result depends on the mechanism, scale, pointer, viewing conditions, installation, environment, and operator.;Measurement-chain uncertainty, resolution, readability, parallax, repeatability, and human interpretation.;Consider a precise load cell accurate to 0.1% of full scale connected to a display showing only integer values. The display prevents the user from fully exploiting the sensor. Now compare it with a low-cost sensor connected to a display showing four decimal places, where the last two digits constantly change. The second system looks more precise but may provide less trustworthy information. Neither the sensor nor the display alone defines the useful performance of the complete system.;Additional graduations may improve readable resolution, but only if the scale remains clear and coherent with the gauge’s actual performance. We should evaluate the complete measurement system rather than the number of markings alone.;Useful accuracy results from a coherent measurement system, not from one impressive-looking component.;Corrected;
Q002;TCK80900;Metrology and scale readability;Beginner;True/False;Increasing the number of graduations on a pressure-gauge dial always makes the final measurement more accurate.;TRUE;FALSE;;;B;More graduations can sometimes help the operator estimate a value, but excessive graduations may reduce clarity and reading repeatability. They cannot improve the mechanical accuracy of the instrument by themselves.;Resolution is not identical to accuracy. Human readability is one contributor to the useful performance of an indicating system.;A ruler with hundreds of extremely close markings may theoretically display more information, but if users cannot distinguish or interpret the markings reliably, measurements can become less repeatable.;More graduations are useful only when they remain readable and are consistent with the actual instrument performance.;Additional information is valuable only when it can be interpreted reliably.;Corrected;
Q003;TCK80900;Metrology and measurement chains;Advanced;Advanced Engineering Thinking;A highly accurate sensing element is connected to a display that only shows integer values. A less accurate sensor is connected to a display showing four decimal places. Which system is necessarily more accurate for the user?;The first system, because the sensing element is more accurate;The second system, because the display has more decimals;Neither can be selected without evaluating the complete measurement chains and their intended use;Both systems have the same accuracy;C;The user receives a result from the complete measurement chain. Sensor accuracy, signal conditioning, conversion, transmission, display resolution, stability, calibration, environment, and reading method can all introduce limitations. A precise component does not guarantee a precise indicated result, while additional decimal places do not prove accuracy. The intended use also matters because a coarse local display could coexist with a more precise transmitted signal used by a control system.;Propagation of measurement uncertainty and the weakest-link effect within a measurement chain.;A high-quality photograph displayed on a very low-resolution screen loses visible detail. A poor-quality photograph shown on a high-resolution screen gains pixels but not genuine information. The final experience depends on both the source and the display chain.;We need to define where and how the value will be used, then evaluate every element between the physical quantity and the final decision made from the displayed or transmitted result.;Always evaluate the complete measurement chain in relation to its intended use.;Corrected;
Q004;TCK84886;Pressure range and operating envelope;Intermediate;MCQ;A process normally operates at 4 bar but can reach 6 bar during startup. What is the best engineering approach when selecting the pressure gauge?;Select a 4 bar gauge because startup is temporary;Select a 6 bar to cover both events;Select a suitable higher range (10bar) and investigate whether the peaks are slow pressure variations, pulsations, or pressure shocks;Keep the 4 bar range and add a pressure limiter below;C;The full operating envelope must be considered. A temporary condition can still overload or fatigue the sensing element. The appropriate solution depends not only on peak amplitude but also on duration and whether the event is a controlled transient or a pressure shock.;Mechanical stress, fatigue, overload, dynamic response, pulsation, and water hammer. Good practice says you should work with your operating pressure between 30 and 70% of the range.;A bridge is not designed only for average daily traffic. It must also withstand defined maximum loads and relevant dynamic events. Similarly, an instrument must be selected for credible operating conditions rather than the most common value alone.;We can first follow the good practices and offer a 10bar if few information are available. If the customer comes back with details we can confirm the choice or recommend an protection option or  accessory.;Select instruments for the credible operating envelope, not only the nominal operating point.;Corrected;
Q005;TCK84886;Pressure range and transient conditions;Beginner;True/False;A short pressure peak can be ignored when selecting a pressure gauge because the process normally operates below the gauge’s full-scale value.;TRUE;FALSE;;;B;Duration is only one aspect of a peak. A rapid pressure rise may create high dynamic loading, while repeated peaks may cause fatigue. The peak value, rise time, frequency, process conditions, and instrument construction must all be considered.;Transient loading, fatigue accumulation, and dynamic pressure effects.;A person may safely carry a moderate load for a long time but still be injured by a short, sudden impact. The size and speed of the event matter as well as its duration.;Even short peaks must be characterized. We need to know how high, how fast, and how often they occur before selecting the range or a protective accessory.;Temporary conditions are still operating conditions.;Corrected;
Q006;TCK84886;Pressure range and risk assessment;Advanced;Advanced Engineering Thinking;A customer reports a 4 bar operating pressure and occasional indications near 6 bar. Which question should be investigated first before simply recommending a higher-range gauge?;Which type of protection method he would prefer to add ?;how was the peak observed ? And details about the installation ?;Is this problematic as the gauge will resist 6bar ?;does he want to replace the gauge for safety with a new one ?;B;An indicated peak can have different causes. It may represent a genuine slow pressure increase, pulsation, water hammer, pointer oscillation, vibration, temperature effects, or an installation problem. Answer A and C are not completely wrong but starting with the context you might choose the right solution instead of just going for a stronger tube;System diagnosis, dynamic measurement response, cause-and-effect analysis, and trade-offs between range and readability.;If a car warning light appears, replacing the warning light with one that tolerates a higher voltage does not identify the fault. The first task is to determine what caused the indication.;Before changing the range, we should characterize the event and confirm whether the displayed peak represents the actual process, a dynamic effect, or an installation issue.;Diagnose the phenomenon before choosing the solution.;Corrected;
Q007;TCK90540;Diaphragm seals and fill fluid;Intermediate;MCQ;A diaphragm-seal assembly has been separated and some filling fluid has been lost. What is the correct response?;Reassemble it and adjust the pointer to zero;Add any compatible-looking oil and return it to service;Have the assembly correctly refilled, evacuated, checked, and calibrated by an appropriate facility, or replace it;Continue using it if the diaphragm is undamaged;C;The diaphragm, fill fluid, connection path, and measuring element form a closed pressure-transmission system. Fluid loss or trapped gas changes the transmission behaviour and can cause zero shift, delayed response, temperature sensitivity, or an incorrect measurement. Simply returning the pointer to zero does not restore the physical integrity or metrological performance of the assembly.;Hydraulic pressure transmission, fluid compressibility, thermal expansion, trapped gas, and calibration of an assembled system.;A hydraulic brake system cannot be repaired by simply repositioning the brake pedal after fluid has leaked. The closed hydraulic path must be restored and air must be removed before reliable force transmission is possible.;The fill fluid is an active part of the measuring chain. If the sealed system has been opened or fluid has been lost, the complete assembly requires controlled restoration and verification.;Restoring the indication is not the same as restoring the measurement system.;Corrected;
Q008;TCK90540;Diaphragm seals and fill fluid;Beginner;True/False;If a diaphragm-seal assembly returns to zero after reassembly, that proves the system has been correctly restored.;TRUE;FALSE;;;B;Zero is only one point. A system can indicate zero and still contain too little fluid, trapped gas, leakage, or an incorrect fill. These defects may appear through span error, poor dynamic response, thermal effects, or non-repeatable behaviour when pressure is applied.;Calibration requires evaluation across the useful range, not only at zero.;A weighing scale may display zero when empty and still give the wrong result when a known mass is applied. Zero adjustment alone does not validate span or linearity.;A zero check is useful, but it cannot verify pressure transmission and performance across the measurement range.;One correct point does not validate the whole measuring function.;OK;
Q009;TCK81382;Diaphragm seals and wetted materials;Intermediate;MCQ;When choosing a diaphragm seal, should all wetted parts be in the same material to resist the fluid ?;Yes, they are all in contact with the same fluid so require the same protections.;No, they are different part so they potentially require different levels of protection ;the gasket should always be the point of focus to avoid external leaks.;;B;All part in contact are in contact with the same fluid. But, they don't have the same constraints, while the flange is a solid static bloc, the diaphragm is a thin moving part, a lot quicker to damage. Similarly a gasket is constrained so it is interesting to check.;Corrosion mechanisms, galvanic interactions, chemical compatibility, permeation, temperature, concentration, and exposure time.;if you leave both a watch movement (316L) and a plate of metal (316L) outside, they'll both corrode overtime, but the watch movement will loose it's functionnality long before the plate.;the customer is in charge of knowing what is necessary forhis process. If he reuire guidance we can help but we will never have the complete process overview.;Compatibility belongs to the complete wetted system, each component is different.;Corrected;
Q010;TCK84367;Sour service and material compatibility;Intermediate;MCQ;A customer proposes 316L stainless steel for sour-gas service because stainless steel is generally corrosion resistant. What is the most appropriate response?;Accept it because stainless steel is suitable for every corrosive service;Reject all stainless steels for every sour-gas application;Suggest Monel wetted parts which is best for corrosion.;Suggest HC276 wetted parts and gold plated diaphragm.;D;Sour service may involve damage mechanisms that are not predicted by general corrosion resistance alone. Suitability can depend on hydrogen sulfide exposure, pressure, temperature, material strength and hardness, heat treatment, stress, fabrication, and the applicable service requirements. Sour gas treatment also often imply Hydrogen induced cracking;Environment-assisted cracking, hydrogen-related damage, stress concentration, and the interaction between material properties and service conditions.;A safety rope may look clean and free from surface corrosion while having internal fibre damage that reduces its strength. A good surface appearance does not prove structural integrity.;316L cannot be approved or rejected, sour gas can be diluted or at low pressure and temperature which is fine. But being a mortal gas for human and with the usual sour gas being high temperature, offering a good safety (gold for H2 protection + HC sour gas resistance) is important.;Corrosion resistance does not guarantee resistance to every damage mechanism.;Corrected;
Q011;TCK84367;Sour service and material compatibility;Beginner;True/False;If a material shows no visible damages in sour service, it means the product is suitable for the application.;TRUE;FALSE;;;A;If something being used in real condition (for enough time) shows no damage, it is safe to say it's adapted to this environment. It's the best test. In sour gas, some damages by themselves could be invisible (H2 induced stress) but they still would overtime increase corrosion, induce measurment drift of diaphragm bubbling.;Subsurface damage, hydrogen-related mechanisms, and environment-assisted cracking.;Real condition testing is always the best test you can do.;real use and no damages is the best insurance it'll continue like that.;Real condition testing is the only way to ensure truly that all conditions are accounted for.;Corrected;
Q012;TCK89819;Deadband and product specifications;Advanced;Advanced Engineering Thinking;A switching device has a lower deadband in controlled testing than is consistently achieved in real installations. Which specification approach is the most responsible?;Publish the best laboratory result because it makes the product more competitive;Publish a realistic value supported under defined operating conditions and explain the influencing parameters;Remove the deadband specification entirely;Allow each salesperson to choose the value depending on the customer;B;A specification should be meaningful, reproducible, and connected to defined conditions. Deadband may depend on product design, set point, adjustment direction, pressure-change rate, temperature, mounting conditions, tolerances, and test method. A more conservative but consistently achievable value gives the customer better engineering information than an exceptional result obtained under favourable conditions.;Repeatability, hysteresis, switching mechanics, test conditions, tolerances, and measurement uncertainty.;A vehicle’s lowest fuel consumption recorded under ideal test conditions is not necessarily the value a user will obtain in traffic, at low temperature, or with a heavy load. A useful specification needs stated conditions and realistic expectations.;The deadband should be discussed together with the operating conditions and test method. We should provide a value that is realistic and reproducible rather than presenting an isolated best-case result.;A trustworthy specification describes repeatable performance under stated conditions.;Corrected;
Q013;TCK91320;Fault diagnosis and claims;Intermediate;MCQ;A recently purchased pressure gauge has been used only a few times and no longer returns to zero after depressurization. What is the best first response?;Remove it from operation, open the red and grey plug on top and tap gently on the side of the case.;Continue using it and subtract the zero offset from every reading;Stop using it for decisions, document the conditions, and return it for technical assessment through the claim process;Open the case and lubricate the movement;A;A persistent zero offset after depressurization can indicate different things, the main causes are:
- the pressure in the piping don't really go down to 0, the gauge indicate a reality the customer doesn't expect.
- the movement is blocked or the pressure in the case is not atmospheric (because of trapped air and heat for example).
- the tube or movement are damaged.
Removing the gauge from operation ensure we are measuring atm pressure, removing the plug ensure balanced atm pressure inside and outside and taping on the case will remove a dust particle, condensation drop or mechanical stress in the movement that could block. if it's back to zero after taht, put it back in operation, otherwise then choice C is the best move.";Elastic deformation, zero error, hysteresis, mechanical damage, and traceable verification after a suspected fault.;if your charging port stop working, you first blow in it, and check if it works, if it does it was just dust, if not you clean it, and if still no then you send it back to the store.;The gauge should be removed from measurement, plug open and tap, in between each operation check if back to 0. otherwise please open a claim with a picture of the gauge, indicate the points we've checked and send it back.;opening a claim is a good thing but making the first check saves everyone time and money.;Corrected;
Q014;TCK91320;Zero adjustment and calibration;Beginner;True/False;An adjustable pointer can be used to correct a pressure gauge’s zero indication, but the gauge should still be checked across its measuring range when the cause of the zero shift is unknown.;TRUE;FALSE;;;A;The adjustable pointer exists to correct the indication during assembly, calibration, or controlled maintenance. A zero adjustment is legitimate when the gauge is fully depressurized and the correction is performed under appropriate conditions. However, if a gauge develops an unexplained zero shift during service, moving the pointer only corrects the indication at one point. It does not demonstrate that the pressure element, movement, span, linearity, hysteresis, and repeatability remain within specification.;Zero adjustment changes the indication offset. Calibration evaluates the relationship between applied pressure and indication across several points of the measuring range.;If a clock reads ten minutes late, moving the hands restores the correct indication at that moment. If the clock continues losing ten minutes every hour, the adjustment has corrected the displayed time but not the underlying performance problem.;The pointer can be adjusted, but because the zero shift appeared during service, we should first confirm that the gauge is depressurized and then check its performance against a reference across the range.;The adjustable pointer enables calibration. It must not be used to hide an unexplained measurement error.;Corrected;
Q015;TCK91295;Food-compatible filling fluids;Intermediate;MCQ;A customer requests a specific FDA-approved filling oil for a diaphragm-seal assembly. We use another FDA-approved oil that withstands the same required temperature. Can it be proposed as an alternative?;No, only the oil initially named by the customer can be used;Yes, provided that the alternative meets the required temperature and FDA requirements;Yes, because any oil can be used inside a closed diaphragm-seal system;No, FDA approval is not relevant for a closed system;B;The filling oil is contained inside the closed diaphragm-seal and instrument system. Its technical suitability for use in the assembly has already been validated by Bourdon. From the customer’s perspective, the relevant requirements are that the oil withstands the specified temperature and has the required FDA status in case an accidental leak brings it into contact with the process.;The fill fluid transmits pressure inside a closed system. FDA suitability becomes relevant as a risk-control measure if the barrier fails and the filling fluid accidentally reaches the process.;Modern pen ink is not intended to be swallowed, but manufacturers use low-toxicity formulations because accidental contact with the mouth is foreseeable, particularly when someone chews a pen. Similarly, filling oil is not intended to enter the process, but an FDA-compatible oil limits the contamination risk if the diaphragm or another barrier accidentally leaks.;We use an alternative filling oil that is suitable for the required temperature and has the required FDA status. It can therefore be proposed for this closed diaphragm-seal assembly, subject to acceptance if the originally named oil is a contractual requirement.;"Focus customer validation on temperature resistance and FDA status; the manufacturer validates the oil’s technical operation inside the assembly.";Corrected;
Q016;TCK91295;Food-compatible filling fluids;Beginner;True/False;Two fill fluids with the same food-contact approval are automatically interchangeable in every diaphragm-seal assembly.;TRUE;FALSE;;;B;Approval addresses a defined regulatory aspect. Interchangeability also depends on physical properties, mainly the temperature resistance.;Fluid viscosity and expansion influence force transmission, temperature error, and dynamic response.;Two sunscreens can both be approved for use on skin, but one may be intended for everyday use while another is water-resistant and designed for swimming. The same type of approval does not mean they behave identically in every situation. Similarly, two filling oils can both be FDA-approved without automatically being interchangeable in every instrument assembly.;We can propose an alternative approved fluid only after checking the complete application and assembly requirements.;Approval is necessary evidence, not proof of full technical equivalence.;Corrected;
Q017;TCK91289;Pressure-switch setting and hysteresis;Advanced;Advanced Engineering Thinking;A pressure switch is adjusted to operate at 20 bar with a setting uncertainty of ±0.2 bar. What switching range should be expected under the stated test conditions?;Exactly 20.00 bar;Between 19.8 and 20.2 bar;Between 17 and 23 bar;Any value below 23 bar;B;The set-point uncertainty defines the expected interval around the adjusted value under stated conditions. Hysteresis is a separate characteristic that influences the reset point when pressure changes in the opposite direction.;Tolerance defines the permitted variation around a target. Hysteresis defines the difference between switching points in opposite directions.;An oven set to 200°C may regulate within a small band around 200°C. That permitted variation is different from the lower temperature at which the heating switches back on.;The operating point is expected between 19.8 and 20.2 bar under the stated conditions. We must consider hysteresis separately when defining the reset point.;"Setting uncertainty defines the trip window; hysteresis defines the return behaviour.";Draft - reissued;Reworked using Q001-Q016 review principles.
Q018;TCK91289;Pressure-switch setting and hysteresis;Beginner;True/False;A switch operates at 20 bar while pressure is rising and has a 3 bar hysteresis. Ignoring other tolerances, at approximately what pressure will it reset while pressure is falling?;23 bar;20 bar;17 bar;3 bar;C;For a switch that trips on rising pressure, the reset point on falling pressure is the trip point minus the hysteresis. Hysteresis prevents rapid switching around one pressure value.;Hysteresis is the separation between the operate and reset points.;A home thermostat may stop heating at 22°C and restart at 19°C, rather than switching on and off every few seconds at exactly 22°C.;With a 20 bar rising trip point and 3 bar hysteresis, the expected reset is around 17 bar before other tolerances are considered.;Trip pressure and reset pressure are different values.;Draft - reissued;Reworked using Q001-Q016 review principles.
Q019;TCK91271;SF6 service and leak risk;Advanced;Advanced Engineering Thinking;For an SF6 pressure gauge, which feature directly limits the escape of process gas?;The IP rating of the case;The leak-tightness of the pressure boundary, seals and process connection;The number of dial graduations;The stainless-steel case finish;B;"Process-gas containment depends on the pressure boundary and its joints. The enclosure IP rating describes protection against dust and water entering the case; it does not define the leakage rate of the process connection.";Ingress protection and pressure containment are different barriers with different functions.;A waterproof backpack keeps rain out, but that does not prove a bottle inside the backpack cannot leak.;For SF6 service, we must focus on the pressure boundary, seals, connection and verified leakage performance. The case IP rating answers a different question.;"IP protects the enclosure; pressure-boundary design contains the gas.";Draft - reissued;Reworked using Q001-Q016 review principles.
Q020;TCK91271;Ingress protection versus process sealing;Beginner;True/False;What does the IP65 rating of a pressure gauge primarily describe?;Resistance of the enclosure to dust and water ingress;The maximum acceptable process-gas leakage rate;The chemical resistance of the wetted parts;The accuracy of the pressure measurement;A;IP65 concerns access, dust ingress and water-jet protection of the enclosure under defined conditions. It does not certify process containment, chemical compatibility or measurement accuracy.;A rating is meaningful only for the hazard and boundary defined by its test.;A phone described as water-resistant may survive rain, but this says nothing about whether its battery is accurate or its charging cable is gas-tight.;IP65 confirms environmental protection of the case. Process leakage and media compatibility must be addressed by their own specifications.;Read every rating according to the function it actually covers.;Draft - reissued;Reworked using Q001-Q016 review principles.
Q021;TCK91156;Stainless-steel construction;Intermediate;MCQ;A customer requests a “fully stainless-steel” gauge because cleaning chemicals attack the outside of the instrument. Which parts are the priority?;Only the process-wetted pressure element and connection;The external case, ring and exposed fittings;Only the dial and pointer;Only the internal movement;B;The required material depends on the exposure. If the concern is external cleaning, the external construction is the priority. If the concern is process corrosion, the wetted parts become the priority.;Material selection must follow the actual exposure path.;A raincoat protects the outside of clothing, while a food-safe bottle lining protects what touches the drink. The required protection depends on which side faces the hazard.;Because the concern is external cleaning, we should confirm the materials of the case and all exposed parts, not only the process-wetted components.;Define where the attack occurs before specifying the material.;Draft - reissued;Reworked using Q001-Q016 review principles.
Q022;TCK91156;Stainless-steel construction;Beginner;True/False;A gauge has 316L wetted parts and a 304 stainless-steel case. Which description is the most accurate?;The complete gauge is 316L;The wetted parts are 316L and the case is 304 stainless steel;The gauge is not stainless steel;The material difference has no practical meaning;B;Different components can use different stainless-steel grades according to their function and exposure. A precise material breakdown is more useful than a broad “all stainless” statement.;Material claims must be linked to defined components.;A stainless-steel saucepan may have a stainless body, an aluminium heat-spreading base and a plastic handle. The product name does not describe every part.;The process-wetted parts are 316L, while the case is 304 stainless steel. We should confirm which exposure the customer needs to resist.;State materials component by component.;Draft - reissued;Reworked using Q001-Q016 review principles.
Q023;TCK91062;Vacuum measurement with diaphragm seals;Intermediate;MCQ;For a -1 to 0 bar vacuum range, which diaphragm-seal design is generally the most sensitive?;A small, stiff diaphragm;A large effective diaphragm with a suitably designed filled assembly;The design with the smallest process connection regardless of diaphragm size;Any diaphragm seal because vacuum creates the same response in all designs;B;At low differential pressure, a larger effective diaphragm area produces more force for the same pressure and generally improves transmission. Stiffness, fill volume and temperature effects still influence the complete assembly.;Force equals pressure multiplied by effective area.;A light push opens a wide door more easily when applied far from the hinge. A small force becomes useful when the geometry gives it enough effect.;For vacuum, we should select a sufficiently large and sensitive diaphragm and validate the complete filled assembly for the required accuracy and temperature.;Low pressure needs sufficient effective diaphragm area.;Draft - reissued;Reworked using Q001-Q016 review principles.
Q024;TCK91062;Vacuum measurement with diaphragm seals;Beginner;True/False;At the same applied pressure, what happens when the effective diaphragm area increases?;The total force generated by the pressure increases;The pressure automatically increases;The fill fluid becomes incompressible;The instrument range doubles automatically;A;Pressure acting over a larger effective area generates a larger total force. The final sensitivity still depends on diaphragm stiffness and the rest of the assembly.;Force = pressure × effective area.;The same wind pushes a large umbrella more strongly than a small postcard because it acts over a larger surface.;A larger effective diaphragm area can improve low-pressure sensitivity, provided the complete design remains suitable.;The same pressure creates more force over a larger area.;Draft - reissued;Reworked using Q001-Q016 review principles.
Q025;TCK91007;Sensor and diaphragm-seal system accuracy;Intermediate;MCQ;Why can the declared accuracy change from 0.25% for a bare transmitter to 0.5% after adding a diaphragm seal?;The transmitter electronics become less accurate when connected to metal;The diaphragm and filling system add their own influences to the measurement chain;The display loses decimal places;The pressure unit changes;B;The diaphragm, fill fluid and assembly introduce additional effects such as temperature influence, stiffness, fill volume and assembly tolerances. The declared result must describe the complete assembled system.;Uncertainty contributions combine across the measurement chain.;A sharp phone camera can still produce a blurred picture through a dirty protective cover. The final image depends on the complete optical path.;The transmitter keeps its own performance, but the declared system accuracy must also include the diaphragm-seal assembly and filling effects.;The customer uses the complete system, so the complete system needs the specification.;Draft - reissued;Reworked using Q001-Q016 review principles.
Q026;TCK91007;Sensor and diaphragm-seal system accuracy;Beginner;True/False;A bare transmitter is specified at 0.25% accuracy and the assembled transmitter with diaphragm seal at 0.5%. Which value should be used for the delivered assembly?;0.25%;0.5%;The average, 0.375%;Whichever value is more attractive to the customer;B;The specification for the delivered configuration must include every element in the measurement path. The bare-sensor value does not represent the assembled product.;A system specification must correspond to the system actually supplied.;A car’s fuel consumption must be stated for the complete car, not for the engine running alone on a test bench.;For the assembled transmitter and diaphragm seal, we should use the declared system accuracy of 0.5%.;Use the performance value for the configuration actually delivered.;Draft - reissued;Reworked using Q001-Q016 review principles.
Q027;TCK90966;Supplier competence and welding responsibilities;Advanced;Advanced Engineering Thinking;A customer asks us to define welding parameters for an aluminium part, but aluminium welding is outside our competence. What should we provide?;Estimated settings based on stainless-steel welding;The controlled drawing and interface requirements, while a qualified aluminium fabricator defines the welding procedure;A verbal approval of the customer’s method;No information at all;B;We can provide the product definition and interfaces we control. Welding parameters depend on alloy, thickness, joint, equipment and qualification, and must be defined by a competent welding authority.;Engineering responsibility follows demonstrated competence and control of the design information.;A pharmacist can explain a medicine but should not improvise dental surgery instructions. Useful help includes giving the correct information to the qualified specialist.;We can provide the controlled drawing and interface requirements. The welding procedure must be specified and qualified by a competent aluminium fabricator or design authority.;Good engineering includes knowing which decisions belong to another qualified specialist.;Draft - reissued;Reworked using Q001-Q016 review principles.
Q028;TCK90953;Clarification of ambiguous requirements;Intermediate;MCQ;A customer request combines a temperature range from one product family with the code of another. What should be clarified first?;The preferred delivery date;The required measuring function and product family;The customer’s logo colour;The nearest available article number;B;Product codes describe coherent technical configurations. Before creating or selecting a code, the required function, range, connection and product family must agree.;A valid configuration starts from a consistent functional requirement.;A shopping list asking for a bicycle with shoe size 42 mixes two different product descriptions. The intended item must be clarified before choosing a reference.;Please confirm the required instrument type, function, range and connection for each line before we select a code.;Clarify the function before translating the request into a product code.;Draft - reissued;Reworked using Q001-Q016 review principles.
Q029;TCK90953;Clarification of ambiguous requirements;Beginner;True/False;A request contains a temperature-sensor range but asks for a resistance thermometer code from another family. What is the best action?;Copy the range into the nearest code;Ask the customer to confirm the intended instrument and range;Quote both products without explanation;Remove the range from the offer;B;Contradictory attributes can create a configuration that does not exist or does not perform the intended function. A short targeted clarification prevents false precision.;Conflicting requirements must be resolved before configuration.;If an address contains one city name and another city’s postal code, a delivery driver should clarify the destination instead of choosing whichever looks closest.;The range and product reference appear to belong to different families. Please confirm the intended instrument before we quote.;Resolve contradictions before making a technical selection.;Draft - reissued;Reworked using Q001-Q016 review principles.
Q030;TCK90947;Obsolescence and replacement engineering;Advanced;Advanced Engineering Thinking;Which item is most likely to prevent a modern 0–5 bar transmitter from replacing an obsolete 0–5 bar transmitter directly?;A different catalogue photograph;A customer-specific flange and pressure-reference type;A newer manufacturing date;A shorter product name;B;Matching range alone does not ensure interchangeability. A customer-specific flange or a change between absolute and gauge pressure can make the replacement mechanically or functionally incompatible.;Interchangeability requires matching function and interfaces.;Two phone chargers can both provide the same voltage but remain incompatible because the connector and charging protocol differ.;We can search for a replacement, but we must preserve the pressure reference, process connection, materials, filling, temperatures, output and calibration requirements.;A replacement must match the function and interfaces, not only the range.;Draft - reissued;Reworked using Q001-Q016 review principles.
Q031;TCK90947;Obsolescence and replacement engineering;Beginner;True/False;Two transmitters both measure 0–5 bar and provide the same electrical output. Which additional difference can still make them non-interchangeable?;Gauge pressure versus absolute pressure;The font used on the label;The colour of the packaging;The year shown in the brochure;A;Gauge and absolute pressure use different reference pressures and therefore do not represent the same measurement, even when the numerical range and output are identical.;The measurand includes both magnitude and reference.;“Five floors above the street” and “five floors above sea level” use the same number but different reference points.;Please confirm whether the original measurement is gauge or absolute pressure before selecting a replacement.;A measurement value is incomplete without its reference.;Draft - reissued;Reworked using Q001-Q016 review principles.
Q032;TCK90921;Certification scope and evidence;Intermediate;MCQ;What determines whether an EN 45545 fire-and-smoke assessment covers a specific railway pressure instrument?;The fact that the customer operates in railways;The product configuration and materials included in the assessment scope;The pressure range alone;The number of instruments ordered;B;An assessment applies to the product definition, materials, variants and conditions included in its scope. Use in the same market does not automatically extend the evidence to another product.;Qualification evidence is traceable to a defined configuration.;A crash-test result for one car model does not automatically cover another model from the same manufacturer.;We must check whether the exact instrument or a documented variant is included in the EN 45545 assessment scope.;Certification follows the assessed configuration, not the customer’s industry.;Draft - reissued;Reworked using Q001-Q016 review principles.
Q033;TCK90921;Certification scope and evidence;Beginner;True/False;A railway certificate covers Product A. Product B has a different case material and was not listed in the assessment. Which statement is correct?;Product B is covered because both products measure pressure;Product B is covered because both are sold to railway customers;Product B is not covered unless the assessment scope explicitly includes it or its validated variant;Product B is covered if its pressure range is lower;C;A difference in materials or construction can change fire and smoke performance. Coverage must be demonstrated by the certificate or supporting assessment.;Scope cannot be extended by similarity alone.;A ticket for one train does not become valid for another journey simply because both trains leave from the same station.;The available certificate does not show Product B in scope. We should not claim coverage without documented inclusion or a new assessment.;A certificate applies only within its documented scope.;Draft - reissued;Reworked using Q001-Q016 review principles.
Q034;TCK90920;Qualification testing and evidence;Advanced;Advanced Engineering Thinking;A nuclear customer asks for evidence of thermal ageing. Which test report is the most relevant?;The newest report, whatever it tested;The report with the most pages;The report matching the product configuration, ageing profile and qualification objective;Any report mentioning temperature;C;Useful qualification evidence must represent the supplied product and the required environment, duration, severity and acceptance criteria.;Evidence quality depends on applicability, not volume or age alone.;For a knee injury, a recent eye test is less useful than an older scan of the correct knee. Relevance matters more than date or document size.;We should provide the report whose configuration and thermal-ageing profile match the customer’s qualification requirement.;Choose evidence by relevance to the requirement.;Draft - reissued;Reworked using Q001-Q016 review principles.
Q035;TCK90835;Certification versus unchanged construction;Advanced;MCQ;A product kept the same construction after its FM/CSA approval was no longer renewed. How may it be presented today?;As currently FM/CSA approved;As the same or similar construction, but without a current FM/CSA approval claim;As approved if the old certificate is attached;As approved for existing customers only;B;Construction similarity can be stated accurately, but current third-party approval requires valid certification and its associated controls.;Technical design status and certification status are separate facts.;A person may still know how to drive after a licence expires, but cannot present the expired licence as currently valid.;The construction remains available, but FM/CSA approval is no longer maintained and must not be claimed.;An unchanged product does not keep an expired approval.;Draft - reissued;Reworked using Q001-Q016 review principles.
Q036;TCK90835;Certification versus unchanged construction;Beginner;True/False;What changes when a third-party approval is no longer renewed, even if the product design remains unchanged?;The metal immediately loses its properties;The right to claim the current approval;The pressure range becomes zero;The old test reports cease to exist;B;Past evidence and product history remain, but the manufacturer no longer has a current approval claim unless the certification remains valid.;Authorization to claim conformity requires current valid evidence and oversight.;An expired passport still records past identity information, but it cannot be used as a current travel document.;We may describe the historical approval and unchanged design accurately, but we cannot present the product as currently approved.;Past approval history is not current approval status.;Draft - reissued;Reworked using Q001-Q016 review principles.
Q037;TCK90826;Chlorinated media and material protection;Advanced;Advanced Engineering Thinking;What is the main additional vulnerability of a PTFE-coated flange compared with a solid corrosion-resistant flange?;The coating can be locally damaged and expose the substrate;PTFE always increases corrosion;A coating cannot resist chemicals;The coating automatically doubles pressure;A;A coating can provide excellent chemical resistance while intact, but scratches, poor adhesion, permeation or mechanical damage can expose the underlying material.;A protective barrier is effective only while it remains continuous and within its mechanical limits.;"A non-stick frying pan works while the coating is intact; deep scratches expose the metal below and change how the surface behaves.";PTFE coating can be an effective and economical solution, provided the service does not damage the coating and the operating conditions remain within its limits.;A coating protects through continuity, so damage to the barrier matters.;Draft - reissued;Reworked using Q001-Q016 review principles.
Q038;TCK90826;Chlorinated media and material protection;Beginner;True/False;Which operating condition is most likely to threaten an otherwise chemically resistant PTFE coating?;Abrasive particles repeatedly scraping the surface;A clearly printed nameplate;A larger order quantity;A lower-cost quotation;A;Chemical resistance does not prevent mechanical abrasion. Repeated scraping can damage the coating and expose the substrate.;Chemical and mechanical resistance are different properties.;A raincoat can resist water but still tear when dragged across sharp rocks.;PTFE is chemically promising, but abrasive solids or aggressive cleaning could damage the coating and must be considered.;A chemically resistant barrier can still fail mechanically.;Draft - reissued;Reworked using Q001-Q016 review principles.
Q039;TCK90797;Identification from incomplete evidence;Intermediate;MCQ;A photograph clearly shows the gauge range and dial size but hides the diaphragm-seal connection. Which information can be treated as confirmed?;The complete assembly code;Only the visible characteristics such as range and dial size;The hidden seal material;The filling fluid;B;Visible features can be identified with confidence, while hidden materials, options and interfaces remain hypotheses until supported by nameplate, drawings or measurements.;The certainty of a conclusion must match the quality of the evidence.;A photograph of a closed suitcase can show its colour and size, but not what is packed inside.;We can confirm the visible gauge characteristics. The diaphragm-seal connection, material and filling still require customer confirmation.;Separate what is observed from what is assumed.;Draft - reissued;Reworked using Q001-Q016 review principles.
Q040;TCK90797;Identification from incomplete evidence;Beginner;True/False;Which detail is least reliable to identify from an external photograph of an old filled pressure assembly?;Dial diameter;Pressure range printed on the dial;Internal filling fluid;Connection orientation;C;Internal fill fluid is normally invisible and may not be inferable from external appearance. It requires documentation, marking or controlled product history.;Hidden characteristics require traceable evidence.;You can see the colour of a closed drink bottle, but not reliably identify the liquid inside without a label.;The photograph helps with visible geometry, but the filling fluid must be confirmed from records or markings.;Do not infer hidden options from appearance.;Draft - reissued;Reworked using Q001-Q016 review principles.
Q041;TCK90783;Standards and connection equivalence;Advanced;Advanced Engineering Thinking;Two flanges are both marked DN15 PN50 but follow different dimensional standards. Which feature can still prevent assembly?;Bolt-hole pattern and facing dimensions;The pressure unit printed in the catalogue;The supplier’s logo;The packaging material;A;Nominal size and pressure class do not define every interface dimension. Drilling, facing, thickness and pressure-temperature ratings can differ between standards.;Interchangeability requires dimensional and functional interface compatibility.;Two shoes can both be size 42 but still fit differently because their shape and fastening system differ.;We need to compare the flange standard, drilling, facing and rating before proposing it as an alternative.;Matching nominal labels do not guarantee a matching interface.;Draft - reissued;Reworked using Q001-Q016 review principles.
Q042;TCK90719;Obsolete railway products and controlled replacement;Intermediate;MCQ;An obsolete railway sensor can technically still be manufactured, but its article code is blocked. Who authorizes reopening the code?;Any salesperson;The responsible product owner after checking configuration and compliance;The customer’s purchasing department;The shipping department;B;Manufacturability does not resolve product-governance, certification, supply-chain and liability questions. The responsible product authority controls the decision.;Controlled products require authorized configuration decisions.;A discontinued medicine may still be physically producible, but a shop assistant cannot authorize putting it back on sale.;The product owner must review the replacement need, configuration and applicable certificates before reopening the code.;Being able to build a product is not the same as being authorized to sell it.;Draft - reissued;Reworked using Q001-Q016 review principles.
Q043;TCK90564;Environmental protection and obsolete variants;Intermediate;MCQ;The old “tropicalized” option was intended mainly to protect against humidity. The current switch has a sealed IP66 enclosure. What should be compared?;The old option name and the new catalogue colour;The original humidity risk and the protection delivered by the current design;Only the age of the products;Only their prices;B;Design solutions can change while addressing the same environmental requirement. The comparison should focus on humidity, condensation and corrosion performance rather than preserving an old option name.;Requirements remain while technical solutions evolve.;Modern cars no longer use a manual choke, but still solve the same cold-start problem automatically.;The old option is obsolete, but the current sealed design may already address the humidity requirement. We should compare the actual environment and protection.;Compare the need and performance, not the historical option name.;Draft - reissued;Reworked using Q001-Q016 review principles.
Q044;TCK90564;Installation orientation of pressure switches;Beginner;True/False;A switch is permitted to operate within 15° of vertical. Which installation is outside the stated limit?;Mounted vertically;Mounted 10° from vertical;Mounted 15° from vertical;Mounted horizontally;D;The permitted inclination is measured from the stated reference orientation. Horizontal mounting is 90° from vertical and therefore outside a ±15° limit.;An angular tolerance must be applied relative to its reference axis.;A picture frame allowed to tilt 15° from upright is not within tolerance when laid flat on a table.;"The switch must remain within 15° of the specified vertical reference; horizontal installation is outside that condition.";Always apply an angle limit from the stated reference.;Draft - reissued;Reworked using Q001-Q016 review principles.
Q045;TCK90545;Incoming inspection and material identification;Advanced;Advanced Engineering Thinking;A gasket labelled PTFE looks metallic, and two suppliers delivered the same appearance. What evidence should be checked first?;The number of suppliers;The controlled drawing, material certificate and article definition;The colour of the packaging;The delivery date only;B;Two suppliers can reproduce the same master-data or drawing error. The item must be checked against controlled technical evidence rather than appearance or supplier count alone.;Independent-looking results may share one common source of error.;Two classmates can give the same wrong answer because both copied the same mistaken website.;We should contain the stock and compare the parts with the controlled drawing, article definition and supplier material evidence.;Repeated agreement does not prove correctness when the sources may share the same error.;Draft - reissued;Reworked using Q001-Q016 review principles.
Q046;TCK90545;Incoming inspection and material identification;Beginner;True/False;Why can two suppliers deliver the same incorrect part?;They may both be working from the same incorrect drawing or article data;Different suppliers always use the same factory;The material colour changes during shipping;Two suppliers cannot make the same mistake;A;A common error in shared specifications, drawings or master data can propagate to multiple suppliers.;Common-cause errors create agreement without accuracy.;Several maps can show the same wrong street name if all were copied from one incorrect database.;Supplier agreement is useful, but the shared technical definition must still be verified.;Look for shared sources when independent results agree unexpectedly.;Draft - reissued;Reworked using Q001-Q016 review principles.
Q047;TCK90540;Crush gaskets and reassembly;Intermediate;MCQ;Why does an aluminium crush gasket appear permanently flattened after disassembly?;Plastic deformation is part of how it creates the seal;The process pressure always destroyed it;The gasket melted during normal tightening;The diaphragm filled it with oil;A;A soft-metal crush gasket deforms permanently under tightening load to fill surface irregularities and establish contact pressure. Its reuse depends on the design and instructions.;Plastic deformation can be an intended sealing mechanism.;A soft sealing washer changes shape when tightened, much like modelling clay pressed between two surfaces fills small gaps.;The flattened appearance can be normal for this sealing principle. The gasket’s reusability and the opened filled assembly must still be handled according to the product instructions.;Permanent deformation can be functional, not a defect.;Draft - reissued;Reworked using Q001-Q016 review principles.
Q048;TCK90490;Certification matrix and scope;Advanced;Advanced Engineering Thinking;Which requested document demonstrates the chemical composition of a wetted metal part?;A material certificate;A calibration certificate;A hydrostatic test report;A SIL certificate;A;A material certificate provides traceable information about the material grade and, depending on certificate type, its chemical composition and mechanical properties. Other documents prove different characteristics.;Each certificate is evidence for a specific claim.;"A food ingredient list and a kitchen thermometer record answer different questions; neither can replace the other.";For wetted-part material traceability, the relevant evidence is the specified material certificate. Calibration and pressure-test documents cover other requirements.;Match each requested proof to the claim it supports.;Draft - reissued;Reworked using Q001-Q016 review principles.
Q049;TCK90490;Functional safety certification;Beginner;True/False;Which instrument function is most directly associated with a SIL claim?;A decorative local dial;A defined safety function that detects or acts on a dangerous condition;Any stainless-steel process connection;Any instrument installed in a factory;B;SIL applies to a defined safety function and its architecture, failure behaviour and diagnostics. The physical presence of an instrument in a safety-related area does not itself create a SIL claim.;Functional safety evaluates the capability of a defined safety function.;"A smoke detector can be part of a fire alarm function; a wall clock in the same building is not part of that function merely because it is nearby.";Please identify the safety function and the instrument’s role in it before requesting SIL evidence.;SIL belongs to a defined safety function, not to every device in the area.;Draft - reissued;Reworked using Q001-Q016 review principles.
Q050;TCK81801;Welded pressure connections;Advanced;MCQ;In a welded gauge and diaphragm-seal assembly, which joint should remain a bolted mechanical joint?;The designed weldable gauge-to-seal pressure connection;The flange bolts that provide controlled clamping;A manufacturer-specified welded neck;A qualified weld seam in the pressure path;B;Flange bolts provide controlled clamping and serviceability. They should not be converted into weld joints. Welding should be limited to interfaces designed and qualified for that purpose.;Different joint types carry different loads and serve different functions.;Gluing a jar lid permanently shut may stop it loosening, but it also destroys the function of a lid designed to be opened and tightened.;Use the specified weldable pressure connection, while keeping flange bolts as secured mechanical fasteners.;Use each joint according to its designed function.;Draft - reissued;Reworked using Q001-Q016 review principles.
Q051;TCK81798;Overpressure diagnosis;Advanced;Advanced Engineering Thinking;Several gauges fail during startup but work within range during steady operation. Which measurement is most useful for diagnosis?;A slow daily pressure average;A fast-response recording of the startup pressure transient;The dial colour;The annual production quantity;B;Short pressure spikes can damage the sensing element or movement without appearing in slow trends or steady-state values. A fast-response measurement can reveal the event.;Measurement bandwidth must be fast enough to capture the phenomenon.;A normal photograph can miss the moment a balloon bursts, while slow-motion video shows the short event clearly.;We should record startup with a sufficiently fast pressure measurement and correlate it with valve operation.;Use a measurement fast enough to see the event causing the damage.;Draft - reissued;Reworked using Q001-Q016 review principles.
Q052;TCK81798;Overpressure diagnosis;Beginner;True/False;Why may a normal process trend fail to show the overpressure that damaged a gauge?;The transient may be shorter than the trend’s sampling interval;The gauge range removes pressure from the pipe;Overpressure only occurs at night;The pointer changes the process pressure;A;A data logger or control system that samples too slowly can average or miss a rapid spike even though the mechanical gauge experiences the full event.;Sampling rate and sensor response limit which events can be observed.;A security camera taking one picture every minute can miss someone running through the room between pictures.;The normal trend does not exclude a short spike. We need a faster measurement during startup or valve operation.;An event can be real even when the monitoring system is too slow to record it.;Draft - reissued;Reworked using Q001-Q016 review principles.
Q053;TCK81659;Traceability and certification;Advanced;Advanced Engineering Thinking;Which document primarily demonstrates that a specific manufactured item can be linked to its production records?;A serial-number traceability record;A general ISO 9001 certificate;A marketing brochure;An unrelated type-test report;A;Serial or batch identification links the item to controlled production records. Management-system certificates and type tests answer different questions.;Traceability creates a documented chain between an item and its history.;"A parcel tracking number links one package to its journey; the courier company’s quality certificate does not show where that package travelled.";For item-level traceability, we should provide the serial or batch linkage and the records included in the agreed traceability level.;Traceability follows the individual item or batch.;Draft - reissued;Reworked using Q001-Q016 review principles.
Q054;TCK71550;Applicability of electrical standards;Intermediate;MCQ;A customer asks for “UL certification” for a purely mechanical pressure gauge. Which clarification is most useful?;Which exact UL standard or hazard must be addressed?;What colour should the case be?;How many dial graduations are preferred?;Which courier will deliver it?;A;UL covers many standards and hazards. A purely mechanical gauge may not fall under general electrical-safety requirements, while a specific material or fire-performance requirement could still be relevant.;Standards apply through defined scope and hazard.;Asking whether a product is “ISO certified” is like asking whether a person has a licence without saying whether it is for driving, flying or operating machinery.;Please identify the exact UL standard or required performance so we can assess whether it applies to the mechanical gauge or one of its components.;A certification request needs a standard number and scope.;Draft - reissued;Reworked using Q001-Q016 review principles.
Q055;TCK71550;Applicability of electrical standards;Beginner;True/False;A plastic case material is classified UL94 V-0. What can be claimed directly from that result?;The material met the stated flammability classification under the test conditions;The complete pressure gauge is UL certified for every use;The gauge is ATEX certified;The gauge is leak-tight;A;UL94 V-0 is a material flammability classification under defined testing. It does not automatically certify the complete instrument for other hazards or product standards.;Component test evidence cannot be expanded beyond its scope.;A flame-resistant oven glove does not make the entire kitchen fireproof.;We can state the UL94 V-0 classification of the relevant material, but not present it as complete-product UL certification.;State exactly what the test covered.;Draft - reissued;Reworked using Q001-Q016 review principles.
Q056;TCK72938;Field repair and recalibration;Intermediate;MCQ;After replacing the spring or bellows of a mechanical pressure switch, which verification is essential before returning it to service?;Checking the paint colour;Calibration of set point, reset point and hysteresis;Weighing the complete switch;Changing the nameplate font;B;The spring or bellows is part of the force balance that creates the switching behaviour. Replacing it changes the set point and hysteresis and therefore requires controlled calibration and verification.;Changing a sensing element changes the transfer function of the instrument.;"Replacing a guitar string is not enough to restore the correct note; the new string must also be tuned.";The sensing element can only be replaced where the switch can then be adjusted, calibrated and verified before use.;A functional component replacement is incomplete until the function is recalibrated.;Draft - reissued;Reworked using Q001-Q016 review principles.
